{
  "JD_SEARCH_PAGE_NEXT_CONFIG" : {
    "fields" : [ {
      "attribute" : "href",
      "name" : "next-page",
      "selector" : "a[rel=next]"
    } ],
    "groupSelector" : "",
    "name" : "JD_SEARCH_PAGE_NEXT_CONFIG"
  },
  "JD_SEARCH_PAGE_SCRAPER_CONFIG" : {
    "fields" : [ {
      "attribute" : "href",
      "name" : "Single Page Link",
      "selector" : "h2 a"
    } ],
    "groupSelector" : ".cntanr",
    "login" : {
      "attribute" : "text",
      "name" : "login",
      "selector" : "#h_login"
    },
    "name" : "JD_SEARCH_PAGE_SCRAPER_CONFIG",
    "nextPage" : {
      "attribute" : "href",
      "name" : "next-page",
      "selector" : "a[rel=next]"
    }
  },
  "JD_SINGLE_PAGE_SCRAPER_CONFIG" : {
    "fields" : [ {
      "attribute" : "title",
      "name" : "Business Rating",
      "rank" : 3,
      "selector" : ".rtngsval .value-title"
    }, {
      "attribute" : "",
      "name" : "Number of Votes",
      "rank" : 4,
      "selector" : ".rtngsval .votes"
    }, {
      "attribute" : "href",
      "name" : "Whatsapp Number",
      "rank" : 1,
      "selector" : "a#whatsapptriggeer"
    }, {
      "attribute" : "",
      "name" : "Complete Address",
      "rank" : 5,
      "selector" : "#fulladdress .lng_add"
    }, {
      "attribute" : "",
      "name" : "Website Name",
      "rank" : 6,
      "selector" : "li:has(.web_ic) a"
    }, {
      "attribute" : "href",
      "name" : "Website URL",
      "rank" : 7,
      "selector" : "li:has(.web_ic) a"
    }, {
      "attribute" : "",
      "name" : "Business Name",
      "rank" : 0,
      "selector" : "h1:first"
    }, {
      "attribute" : "",
      "name" : "isLoggedIn",
      "rank" : 10,
      "selector" : ".login:has(.user-pic)"
    }, {
      "attribute" : "",
      "name" : "Working hrs",
      "rank" : 8,
      "selector" : "#statHr"
    }, {
      "attribute" : "",
      "name" : "Location",
      "rank" : 2,
      "selector" : ".lng_add"
    } ],
    "groupSelector" : "",
    "name" : "JD_SINGLE_PAGE_SCRAPER_CONFIG"
  }
}
