{
  "00000" : {
    "creationTimeStamp" : 1541249192980,
    "name" : "test",
    "phone" : "00000",
    "status" : "DEMO"
  },
  "123" : {
    "creationTimeStamp" : 1540650698275,
    "name" : "test1",
    "phone" : "123",
    "status" : "PREMIUM"
  },
  "448" : {
    "creationTimeStamp" : 1540677388878,
    "name" : "Docs in GGN",
    "phone" : "448",
    "status" : "PREMIUM"
  },
  "1234" : {
    "creationTimeStamp" : 1540719975747,
    "name" : "Rahul",
    "phone" : "1234",
    "status" : "DEMO"
  },
  "10000" : {
    "creationTimeStamp" : 1540653596555,
    "name" : "test",
    "phone" : "10000",
    "status" : "PREMIUM"
  },
  "12345" : {
    "creationTimeStamp" : 1540719992061,
    "name" : "Vijay",
    "phone" : "12345",
    "status" : "DEMO"
  },
  "77898" : {
    "creationTimeStamp" : 1540677753954,
    "name" : "ggn Digital Agency",
    "phone" : "77898",
    "status" : "PREMIUM"
  },
  "123456" : {
    "creationTimeStamp" : 1541846864899,
    "name" : "test",
    "phone" : "123456",
    "status" : "PREMIUM"
  },
  "1234567" : {
    "creationTimeStamp" : 1540722978032,
    "name" : "test",
    "phone" : "1234567",
    "status" : "PREMIUM"
  },
  "1234567890" : {
    "creationTimeStamp" : 1541181347779,
    "name" : "crp",
    "phone" : "1234567890",
    "status" : "DEMO"
  },
  "7013641375" : {
    "creationTimeStamp" : 1541234315173,
    "name" : "raju",
    "phone" : "7013641375",
    "status" : "PREMIUM"
  },
  "7017089678" : {
    "creationTimeStamp" : 1542108559831,
    "name" : "Alok Krishan Agarwal",
    "phone" : "7017089678",
    "status" : "PREMIUM"
  },
  "7017444833" : {
    "creationTimeStamp" : 1540812619348,
    "name" : "Aarkay Vox Door Handles & Lock",
    "phone" : "7017444833",
    "status" : "PREMIUM"
  },
  "7019352421" : {
    "creationTimeStamp" : 1542098076356,
    "name" : "Ganesh Garag",
    "phone" : "7019352421",
    "status" : "DEMO"
  },
  "7019721576" : {
    "creationTimeStamp" : 1541933937501,
    "name" : "tharun",
    "phone" : "7019721576",
    "status" : "DEMO"
  },
  "7042255316" : {
    "creationTimeStamp" : 1541156652099,
    "name" : "satyam kumar",
    "phone" : "7042255316",
    "status" : "DEMO"
  },
  "7052877058" : {
    "creationTimeStamp" : 1542635526293,
    "name" : "SK",
    "phone" : "7052877058",
    "status" : "DEMO"
  },
  "7087947080" : {
    "creationTimeStamp" : 1542626723268,
    "name" : "Pratap Dadwal",
    "phone" : "7087947080",
    "status" : "DEMO"
  },
  "7415880705" : {
    "creationTimeStamp" : 1542448684119,
    "name" : "Piyush",
    "phone" : "7415880705",
    "status" : "DEMO"
  },
  "7503906193" : {
    "creationTimeStamp" : 1542093564334,
    "name" : "Amit",
    "phone" : "7503906193",
    "status" : "PREMIUM"
  },
  "7509999729" : {
    "creationTimeStamp" : 1542178323730,
    "name" : "Digital Marketing Goa",
    "phone" : "7509999729",
    "status" : "DEMO"
  },
  "7720021711" : {
    "creationTimeStamp" : 1541161783341,
    "name" : "Sagar Patil",
    "phone" : "7720021711",
    "status" : "PREMIUM"
  },
  "7749989922" : {
    "creationTimeStamp" : 1542267630547,
    "name" : "Rahul",
    "phone" : "7749989922",
    "status" : "PREMIUM"
  },
  "7749989927" : {
    "creationTimeStamp" : 1540633151085,
    "name" : "BulkWhatsapp Team",
    "phone" : "7749989927",
    "status" : "PREMIUM"
  },
  "7749989928" : {
    "creationTimeStamp" : 1540643125403,
    "name" : "BulkWA Team",
    "phone" : "7749989928",
    "status" : "PREMIUM"
  },
  "7798612243" : {
    "creationTimeStamp" : 1542192842718,
    "name" : "vivek pawar",
    "phone" : "7798612243",
    "status" : "PREMIUM"
  },
  "7827115473" : {
    "creationTimeStamp" : 1540902618369,
    "name" : "Chandan",
    "phone" : "7827115473",
    "status" : "DEMO"
  },
  "7888491847" : {
    "creationTimeStamp" : 1540621668388,
    "name" : "reva",
    "phone" : "7888491847",
    "status" : "PREMIUM"
  },
  "7888491849" : {
    "creationTimeStamp" : 1540621155495,
    "name" : "siya",
    "phone" : "7888491849",
    "status" : "PREMIUM"
  },
  "7906619942" : {
    "creationTimeStamp" : 1542173787429,
    "name" : "Farzand Ali",
    "phone" : "7906619942",
    "status" : "DEMO"
  },
  "7976077006" : {
    "creationTimeStamp" : 1542441419775,
    "name" : "Sudhir Kanojia",
    "phone" : "7976077006",
    "status" : "DEMO"
  },
  "7980793032" : {
    "creationTimeStamp" : 1542106746774,
    "name" : "vaibhav gupta",
    "phone" : "7980793032",
    "status" : "PREMIUM"
  },
  "7986608663" : {
    "creationTimeStamp" : 1540975282837,
    "name" : "Ankush Babbar",
    "phone" : "7986608663",
    "status" : "DEMO"
  },
  "7999238262" : {
    "creationTimeStamp" : 1542635987945,
    "name" : "Mayank patel",
    "phone" : "7999238262",
    "status" : "DEMO"
  },
  "8076104191" : {
    "creationTimeStamp" : 1541058153257,
    "name" : "Vineet Kumar Shishodia",
    "phone" : "8076104191",
    "status" : "PREMIUM"
  },
  "8106852832" : {
    "creationTimeStamp" : 1541422454963,
    "name" : "mounik",
    "phone" : "8106852832",
    "status" : "PREMIUM"
  },
  "8109032576" : {
    "creationTimeStamp" : 1541409195465,
    "name" : "shiven",
    "phone" : "8109032576",
    "status" : "PREMIUM"
  },
  "8279943981" : {
    "creationTimeStamp" : 1541240411311,
    "name" : "Rise Chemicals",
    "phone" : "8279943981",
    "status" : "PREMIUM"
  },
  "8318458198" : {
    "creationTimeStamp" : 1541752078520,
    "name" : "s",
    "phone" : "8318458198",
    "status" : "DEMO"
  },
  "8380074118" : {
    "creationTimeStamp" : 1541155009419,
    "name" : "Sonjit Bhowmick",
    "phone" : "8380074118",
    "status" : "PREMIUM"
  },
  "8410617268" : {
    "creationTimeStamp" : 1542619663290,
    "name" : "Ravi Mittal",
    "phone" : "8410617268",
    "status" : "DEMO"
  },
  "8446940145" : {
    "creationTimeStamp" : 1541097261441,
    "name" : "Pankajkumar Parmar",
    "phone" : "8446940145",
    "status" : "PREMIUM"
  },
  "8511442244" : {
    "creationTimeStamp" : 1542269480003,
    "name" : "Amit Patel",
    "phone" : "8511442244",
    "status" : "DEMO"
  },
  "8526745151" : {
    "creationTimeStamp" : 1541237768049,
    "name" : "Mudassir",
    "phone" : "8526745151",
    "status" : "DEMO"
  },
  "8741895001" : {
    "creationTimeStamp" : 1542116017774,
    "name" : "click",
    "phone" : "8741895001",
    "status" : "DEMO"
  },
  "8770032814" : {
    "creationTimeStamp" : 1542109537608,
    "name" : "Digitalastic",
    "phone" : "8770032814",
    "status" : "PREMIUM"
  },
  "8770268943" : {
    "creationTimeStamp" : 1542668336216,
    "name" : "akshay",
    "phone" : "8770268943",
    "status" : "DEMO"
  },
  "8791675735" : {
    "creationTimeStamp" : 1542634441923,
    "name" : "Shahrukh Beg",
    "phone" : "8791675735",
    "status" : "DEMO"
  },
  "8800594856" : {
    "creationTimeStamp" : 1542088930932,
    "name" : "Rahul Agarwal",
    "phone" : "8800594856",
    "status" : "DEMO"
  },
  "8826820482" : {
    "creationTimeStamp" : 1541748744159,
    "name" : "Chetan",
    "phone" : "8826820482",
    "status" : "PREMIUM"
  },
  "888802886876" : {
    "creationTimeStamp" : 1542110927856,
    "name" : "Anil Agarwal",
    "phone" : "888802886876",
    "status" : "DEMO"
  },
  "8889999112" : {
    "creationTimeStamp" : 1542018596161,
    "name" : "Priyesh singhai",
    "phone" : "8889999112",
    "status" : "DEMO"
  },
  "8894654223" : {
    "creationTimeStamp" : 1541234149270,
    "name" : "Navneet Dheeman",
    "phone" : "8894654223",
    "status" : "DEMO"
  },
  "8949457179" : {
    "creationTimeStamp" : 1542450818673,
    "name" : "Nitesh",
    "phone" : "8949457179",
    "status" : "PREMIUM"
  },
  "8955808066" : {
    "creationTimeStamp" : 1541321178177,
    "name" : "Ajay Kumar",
    "phone" : "8955808066",
    "status" : "PREMIUM"
  },
  "8999073962" : {
    "creationTimeStamp" : 1542183105246,
    "name" : "pradip ",
    "phone" : "8999073962",
    "status" : "DEMO"
  },
  "9019280008" : {
    "creationTimeStamp" : 1541399733160,
    "name" : "Rinkesh",
    "phone" : "9019280008",
    "status" : "DEMO"
  },
  "9039001003" : {
    "creationTimeStamp" : 1542201280146,
    "name" : "AJ",
    "phone" : "9039001003",
    "status" : "DEMO"
  },
  "9200006646" : {
    "creationTimeStamp" : 1541245945436,
    "name" : "Pradeep",
    "phone" : "9200006646",
    "status" : "DEMO"
  },
  "9309195006" : {
    "creationTimeStamp" : 1542285813668,
    "name" : "sayyad",
    "phone" : "9309195006",
    "status" : "DEMO"
  },
  "9358208675" : {
    "creationTimeStamp" : 1540580246793,
    "name" : "Rahul Gupta",
    "phone" : "9358208675",
    "status" : "PREMIUM"
  },
  "9358295896" : {
    "creationTimeStamp" : 1541399474906,
    "name" : "Sonal",
    "phone" : "9358295896",
    "status" : "DEMO"
  },
  "9408311255" : {
    "creationTimeStamp" : 1542033641159,
    "name" : "suraj hingarajiya",
    "phone" : "9408311255",
    "status" : "DEMO"
  },
  "9409239114" : {
    "creationTimeStamp" : 1542355651842,
    "name" : "veer",
    "phone" : "9409239114",
    "status" : "DEMO"
  },
  "9414442748" : {
    "creationTimeStamp" : 1542621394734,
    "name" : "ANAND",
    "phone" : "9414442748",
    "status" : "PREMIUM"
  },
  "9461393089" : {
    "creationTimeStamp" : 1542103300553,
    "name" : "Manish",
    "phone" : "9461393089",
    "status" : "DEMO"
  },
  "9555912221" : {
    "creationTimeStamp" : 1540824123339,
    "name" : "Anand Tripathi",
    "phone" : "9555912221",
    "status" : "PREMIUM"
  },
  "9582581754" : {
    "creationTimeStamp" : 1541053141872,
    "name" : "Geeta",
    "phone" : "9582581754",
    "status" : "PREMIUM"
  },
  "9583586056" : {
    "creationTimeStamp" : 1540578161865,
    "name" : "Rahul Agarwal",
    "phone" : "9583586056",
    "status" : "PREMIUM"
  },
  "9644940497" : {
    "creationTimeStamp" : 1542086774043,
    "name" : "Ashwini",
    "phone" : "9644940497",
    "status" : "DEMO"
  },
  "9650506414" : {
    "creationTimeStamp" : 1542090947433,
    "name" : "Amit Gound",
    "phone" : "9650506414",
    "status" : "DEMO"
  },
  "9654993892" : {
    "creationTimeStamp" : 1540879614346,
    "name" : "Manu Pushkar",
    "phone" : "9654993892",
    "status" : "PREMIUM"
  },
  "9717640144" : {
    "creationTimeStamp" : 1540977552840,
    "name" : "Aryna",
    "phone" : "9717640144",
    "status" : "DEMO"
  },
  "9740195257" : {
    "creationTimeStamp" : 1540970761800,
    "name" : "nazeer",
    "phone" : "9740195257",
    "status" : "PREMIUM"
  },
  "9753933335" : {
    "creationTimeStamp" : 1542006148269,
    "name" : "Victor",
    "phone" : "9753933335",
    "status" : "PREMIUM"
  },
  "9779773399" : {
    "creationTimeStamp" : 1541227162486,
    "name" : "vivek sindhi",
    "phone" : "9779773399",
    "status" : "PREMIUM"
  },
  "9815064617" : {
    "creationTimeStamp" : 1542622076365,
    "name" : "pawan tripathi",
    "phone" : "9815064617",
    "status" : "DEMO"
  },
  "9828035500" : {
    "creationTimeStamp" : 1541229825014,
    "name" : "Anil",
    "phone" : "9828035500",
    "status" : "DEMO"
  },
  "9829130972" : {
    "creationTimeStamp" : 1542623699824,
    "name" : "rohit",
    "phone" : "9829130972",
    "status" : "PREMIUM"
  },
  "9837607623" : {
    "creationTimeStamp" : 1542111685587,
    "name" : "Bharti",
    "phone" : "9837607623",
    "status" : "DEMO"
  },
  "9871401477" : {
    "creationTimeStamp" : 1540882845183,
    "name" : "pankaj",
    "phone" : "9871401477",
    "status" : "PREMIUM"
  },
  "9893484185" : {
    "creationTimeStamp" : 1541159279599,
    "name" : "Sourabh Khandelwal",
    "phone" : "9893484185",
    "status" : "DEMO"
  },
  "9897216212" : {
    "creationTimeStamp" : 1542097013068,
    "name" : "Nitin Agarwal",
    "phone" : "9897216212",
    "status" : "PREMIUM"
  },
  "9900466688" : {
    "creationTimeStamp" : 1541689065105,
    "name" : "Srinidhi",
    "phone" : "9900466688",
    "status" : "DEMO"
  },
  "9911103200" : {
    "creationTimeStamp" : 1541235252825,
    "name" : "Aadith",
    "phone" : "9911103200",
    "status" : "PREMIUM"
  },
  "9911337710" : {
    "creationTimeStamp" : 1542002503719,
    "name" : "Riya",
    "phone" : "9911337710",
    "status" : "DEMO"
  },
  "9927663029" : {
    "creationTimeStamp" : 1542354852862,
    "name" : "arun garg",
    "phone" : "9927663029",
    "status" : "DEMO"
  },
  "9927946372" : {
    "creationTimeStamp" : 1542192278559,
    "name" : "samarth argawal",
    "phone" : "9927946372",
    "status" : "DEMO"
  },
  "9944454115" : {
    "creationTimeStamp" : 1540716380546,
    "name" : "Raja",
    "phone" : "9944454115",
    "status" : "DEMO"
  },
  "9949664884" : {
    "creationTimeStamp" : 1541405134552,
    "name" : "Bhaskar Devarakonda",
    "phone" : "9949664884",
    "status" : "DEMO"
  },
  "9966464539" : {
    "creationTimeStamp" : 1542191177927,
    "name" : "Suresh",
    "phone" : "9966464539",
    "status" : "DEMO"
  },
  "9971108675" : {
    "creationTimeStamp" : 1540560642161,
    "name" : "RMG",
    "phone" : "9971108675",
    "status" : "PREMIUM"
  },
  "9981949522" : {
    "creationTimeStamp" : 1542020344554,
    "name" : "Manish Gupta",
    "phone" : "9981949522",
    "status" : "DEMO"
  },
  "9985876010" : {
    "creationTimeStamp" : 1541756249905,
    "name" : "rakesh",
    "phone" : "9985876010",
    "status" : "DEMO"
  },
  "9993690902" : {
    "creationTimeStamp" : 1542191025334,
    "name" : "arpit karodiya",
    "phone" : "9993690902",
    "status" : "DEMO"
  },
  "9996496243" : {
    "creationTimeStamp" : 1540731296813,
    "name" : "manish",
    "phone" : "9996496243",
    "status" : "DEMO"
  },
  "9999132345" : {
    "creationTimeStamp" : 1541140559613,
    "name" : "bipin",
    "phone" : "9999132345",
    "status" : "PREMIUM"
  }
}
